{"south":29.58590014744768,"west":-95.59295654296875,"north":29.94853623096184,"east":-95.14017486572266}
